"individual_carrier_prevalence","both_carriers_probability","one_carrier_probability","neither_carrier_probability","strategy","incremental_cost_thb","births_averted_proportion","icer_thb_per_birth_averted","net_cost_saving_thb","cost_saving_at_average_management_cost"
0.01,1e-04,0.0198,0.9801,"Strategy 1: Post-conception screening",394.778516,7.772e-06,50794971.1785898,-389.469920370249,FALSE
0.01,1e-04,0.0198,0.9801,"Strategy 2: Pre-conception screening, targeted DNA",780.6,1.25e-05,62448000,-772.061985927446,FALSE
0.01,1e-04,0.0198,0.9801,"Strategy 3: Pre-conception screening, universal DNA",6000,1.25e-05,4.8e+08,-5991.46198592745,FALSE
0.01,1e-04,0.0198,0.9801,"Strategy 4: Combined screening",780.7740725,1.73575e-05,44981942.8201066,-768.918186158851,FALSE
0.02,4e-04,0.0392,0.9604,"Strategy 1: Post-conception screening",401.314064,3.1088e-05,12908970.1492537,-380.079681480995,FALSE
0.02,4e-04,0.0392,0.9604,"Strategy 2: Pre-conception screening, targeted DNA",782.4,5e-05,15648000,-748.247943709783,FALSE
0.02,4e-04,0.0392,0.9604,"Strategy 3: Pre-conception screening, universal DNA",6000,5e-05,1.2e+08,-5965.84794370978,FALSE
0.02,4e-04,0.0392,0.9604,"Strategy 4: Combined screening",783.09629,6.943e-05,11278932.5939795,-735.672744635405,FALSE
0.03,9e-04,0.0582,0.9409,"Strategy 1: Post-conception screening",409.606644,6.9948e-05,5855873.56321839,-361.829283332238,FALSE
0.03,9e-04,0.0582,0.9409,"Strategy 2: Pre-conception screening, targeted DNA",785.4,0.0001125,6981333.33333333,-708.557873347012,FALSE
0.03,9e-04,0.0582,0.9409,"Strategy 3: Pre-conception screening, universal DNA",6000,0.0001125,53333333.3333333,-5923.15787334701,FALSE
0.03,9e-04,0.0582,0.9409,"Strategy 4: Combined screening",786.9666525,0.0001562175,5037634.40395602,-680.263675429661,FALSE
0.04,0.0016,0.0768,0.9216,"Strategy 1: Post-conception screening",419.656256,0.000124352,3374744.7246526,-334.718725923979,FALSE
0.04,0.0016,0.0768,0.9216,"Strategy 2: Pre-conception screening, targeted DNA",789.6,2e-04,3948000,-652.991774839133,FALSE
0.04,0.0016,0.0768,0.9216,"Strategy 3: Pre-conception screening, universal DNA",6000,2e-04,3e+07,-5863.39177483913,FALSE
0.04,0.0016,0.0768,0.9216,"Strategy 4: Combined screening",792.38516,0.00027772,2853180.03744779,-602.69097854162,FALSE
0.05,0.0025,0.095,0.9025,"Strategy 1: Post-conception screening",431.4629,0.0001943,2220601.64693772,-298.748009256218,FALSE
0.05,0.0025,0.095,0.9025,"Strategy 2: Pre-conception screening, targeted DNA",795,0.0003125,2544000,-581.549648186145,FALSE
0.05,0.0025,0.095,0.9025,"Strategy 3: Pre-conception screening, universal DNA",6000,0.0003125,19200000,-5786.54964818615,FALSE
0.05,0.0025,0.095,0.9025,"Strategy 4: Combined screening",799.3518125,0.0004339375,1842089.73066398,-502.954653971281,FALSE
0.06,0.0036,0.1128,0.8836,"Strategy 1: Post-conception screening",445.026576,0.000279792,1590562.18905473,-253.917133328953,FALSE
0.06,0.0036,0.1128,0.8836,"Strategy 2: Pre-conception screening, targeted DNA",801.6,0.00045,1781333.33333333,-494.231493388049,FALSE
0.06,0.0036,0.1128,0.8836,"Strategy 3: Pre-conception screening, universal DNA",6000,0.00045,13333333.3333333,-5692.63149338805,FALSE
0.06,0.0036,0.1128,0.8836,"Strategy 4: Combined screening",807.86661,0.00062487,1292855.48994191,-381.054701718645,FALSE
0.07,0.0049,0.1302,0.8649,"Strategy 1: Post-conception screening",460.347284,0.000380828,1208806.29575556,-200.226098142187,FALSE
0.07,0.0049,0.1302,0.8649,"Strategy 2: Pre-conception screening, targeted DNA",809.4,0.0006125,1321469.3877551,-391.037310444845,FALSE
0.07,0.0049,0.1302,0.8649,"Strategy 3: Pre-conception screening, universal DNA",6000,0.0006125,9795918.36734694,-5581.63731044484,FALSE
0.07,0.0049,0.1302,0.8649,"Strategy 4: Combined screening",817.9295525,0.0008505175,961684.565573313,-236.991121783712,FALSE
0.08,0.0064,0.1472,0.8464,"Strategy 1: Post-conception screening",477.425024,0.000497408,959825.78486876,-137.674903695917,FALSE
0.08,0.0064,0.1472,0.8464,"Strategy 2: Pre-conception screening, targeted DNA",818.4,8e-04,1023000,-271.967099356532,FALSE
0.08,0.0064,0.1472,0.8464,"Strategy 3: Pre-conception screening, universal DNA",6000,8e-04,7500000,-5453.56709935653,FALSE
0.08,0.0064,0.1472,0.8464,"Strategy 4: Combined screening",829.54064,0.00111088,746741.89831485,-70.7639141664805,FALSE
0.09,0.0081,0.1638,0.8281,"Strategy 1: Post-conception screening",496.259796,0.000629532,788299.555860544,-66.2635499901455,FALSE
0.09,0.0081,0.1638,0.8281,"Strategy 2: Pre-conception screening, targeted DNA",828.6,0.0010125,818370.37037037,-137.020860123111,FALSE
0.09,0.0081,0.1638,0.8281,"Strategy 3: Pre-conception screening, universal DNA",6000,0.0010125,5925925.92592593,-5308.42086012311,FALSE
0.09,0.0081,0.1638,0.8281,"Strategy 4: Combined screening",842.6998725,0.0014059575,599377.913272627,117.626921133048,TRUE
0.1,0.01,0.18,0.81,"Strategy 1: Post-conception screening",516.8516,0.0007772,665017.49871333,14.0079629751291,TRUE
0.1,0.01,0.18,0.81,"Strategy 2: Pre-conception screening, targeted DNA",840,0.00125,672000,13.8014072554184,TRUE
0.1,0.01,0.18,0.81,"Strategy 3: Pre-conception screening, universal DNA",6000,0.00125,4800000,-5146.19859274458,FALSE
0.1,0.01,0.18,0.81,"Strategy 4: Combined screening",857.40725,0.00173575,493969.321618897,328.181384114874,TRUE
0.11,0.0121,0.1958,0.7921,"Strategy 1: Post-conception screening",539.200436,0.000940412,573366.179929648,103.139635199906,TRUE
0.11,0.0121,0.1958,0.7921,"Strategy 2: Pre-conception screening, targeted DNA",852.6,0.0015125,563702.479338843,180.499702779057,TRUE
0.11,0.0121,0.1958,0.7921,"Strategy 3: Pre-conception screening, universal DNA",6000,0.0015125,3966942.14876033,-4966.90029722094,FALSE
0.11,0.0121,0.1958,0.7921,"Strategy 4: Combined screening",873.6627725,0.0021002575,415978.884731991,560.899474778998,TRUE
0.12,0.0144,0.2112,0.7744,"Strategy 1: Post-conception screening",563.306304,0.001119168,503325.956424773,201.131466684186,TRUE
0.12,0.0144,0.2112,0.7744,"Strategy 2: Pre-conception screening, targeted DNA",866.4,0.0018,481333.333333333,363.074026447803,TRUE
0.12,0.0144,0.2112,0.7744,"Strategy 3: Pre-conception screening, universal DNA",6000,0.0018,3333333.33333333,-4770.5259735522,FALSE
0.12,0.0144,0.2112,0.7744,"Strategy 4: Combined screening",891.46644,0.00249948,356660.761438379,815.781193125419,TRUE
0.13,0.0169,0.2262,0.7569,"Strategy 1: Post-conception screening",589.169204,0.001313468,448559.998416406,307.983457427968,TRUE
0.13,0.0169,0.2262,0.7569,"Strategy 2: Pre-conception screening, targeted DNA",881.4,0.0021125,417230.769230769,561.524378261658,TRUE
0.13,0.0169,0.2262,0.7569,"Strategy 3: Pre-conception screening, universal DNA",6000,0.0021125,2840236.68639053,-4557.07562173834,FALSE
0.13,0.0169,0.2262,0.7569,"Strategy 4: Combined screening",910.8182525,0.0029334175,310497.313287318,1092.82653915414,TRUE
0.14,0.0196,0.2408,0.7396,"Strategy 1: Post-conception screening",616.789136,0.001523312,404900.070372977,423.695607431253,TRUE
0.14,0.0196,0.2408,0.7396,"Strategy 2: Pre-conception screening, targeted DNA",897.6,0.00245,366367.346938775,775.850758220621,TRUE
0.14,0.0196,0.2408,0.7396,"Strategy 3: Pre-conception screening, universal DNA",6000,0.00245,2448979.59183673,-4326.54924177938,FALSE
0.14,0.0196,0.2408,0.7396,"Strategy 4: Combined screening",931.71821,0.00340207,273868.03034623,1392.03551286515,TRUE
0.15,0.0225,0.255,0.7225,"Strategy 1: Post-conception screening",646.1661,0.0017487,369512.266254932,548.267916694041,TRUE
0.15,0.0225,0.255,0.7225,"Strategy 2: Pre-conception screening, targeted DNA",915,0.0028125,325333.333333333,1006.05316632469,TRUE
0.15,0.0225,0.255,0.7225,"Strategy 3: Pre-conception screening, universal DNA",6000,0.0028125,2133333.33333333,-4078.94683367531,FALSE
0.15,0.0225,0.255,0.7225,"Strategy 4: Combined screening",954.1663125,0.0039054375,244317.394017956,1713.40811425847,TRUE
0.16,0.0256,0.2688,0.7056,"Strategy 1: Post-conception screening",677.300096,0.001989632,340414.758106022,681.700385216331,TRUE
0.16,0.0256,0.2688,0.7056,"Strategy 2: Pre-conception screening, targeted DNA",933.6,0.0032,291750,1252.13160257387,TRUE
0.16,0.0256,0.2688,0.7056,"Strategy 3: Pre-conception screening, universal DNA",6000,0.0032,1875000,-3814.26839742613,FALSE
0.16,0.0256,0.2688,0.7056,"Strategy 4: Combined screening",978.16256,0.00444352,220132.363531615,2056.94434333408,TRUE
0.17,0.0289,0.2822,0.6889,"Strategy 1: Post-conception screening",710.191124,0.002246108,316187.433551726,823.993012998123,TRUE
0.17,0.0289,0.2822,0.6889,"Strategy 2: Pre-conception screening, targeted DNA",953.4,0.0036125,263916.955017301,1514.08606696816,TRUE
0.17,0.0289,0.2822,0.6889,"Strategy 3: Pre-conception screening, universal DNA",6000,0.0036125,1660899.65397924,-3532.51393303184,FALSE
0.17,0.0289,0.2822,0.6889,"Strategy 4: Combined screening",1003.7069525,0.0050163175,200088.402000073,2422.64420009199,TRUE
0.18,0.0324,0.2952,0.6724,"Strategy 1: Post-conception screening",744.839184,0.002518128,295790.835096548,975.145800039419,TRUE
0.18,0.0324,0.2952,0.6724,"Strategy 2: Pre-conception screening, targeted DNA",974.4,0.00405,240592.592592593,1791.91655950756,TRUE
0.18,0.0324,0.2952,0.6724,"Strategy 3: Pre-conception screening, universal DNA",6000,0.00405,1481481.48148148,-3233.68344049244,FALSE
0.18,0.0324,0.2952,0.6724,"Strategy 4: Combined screening",1030.79949,0.00562383,183291.367271059,2810.50768453219,TRUE
0.19,0.0361,0.3078,0.6561,"Strategy 1: Post-conception screening",781.244276,0.002805692,278449.76426493,1135.15874634022,TRUE
0.19,0.0361,0.3078,0.6561,"Strategy 2: Pre-conception screening, targeted DNA",996.6,0.0045125,220853.185595568,2085.62308019206,TRUE
0.19,0.0361,0.3078,0.6561,"Strategy 3: Pre-conception screening, universal DNA",6000,0.0045125,1329639.88919668,-2917.77691980794,FALSE
0.19,0.0361,0.3078,0.6561,"Strategy 4: Combined screening",1059.4401725,0.0062660575,169076.037444597,3220.5347966547,TRUE
0.2,0.04,0.32,0.64,"Strategy 1: Post-conception screening",819.4064,0.0031088,263576.428203808,1304.03185190052,TRUE
0.2,0.04,0.32,0.64,"Strategy 2: Pre-conception screening, targeted DNA",1020,0.005,204000,2395.20562902168,TRUE
0.2,0.04,0.32,0.64,"Strategy 3: Pre-conception screening, universal DNA",6000,0.005,1200000,-2584.79437097832,FALSE
0.2,0.04,0.32,0.64,"Strategy 4: Combined screening",1089.629,0.006943,156939.219357626,3652.7255364595,TRUE
0.21,0.0441,0.3318,0.6241,"Strategy 1: Post-conception screening",859.325556,0.003427452,250718.480083747,1481.76511672032,TRUE
0.21,0.0441,0.3318,0.6241,"Strategy 2: Pre-conception screening, targeted DNA",1044.6,0.0055125,189496.598639456,2720.6642059964,TRUE
0.21,0.0441,0.3318,0.6241,"Strategy 3: Pre-conception screening, universal DNA",6000,0.0055125,1088435.37414966,-2234.7357940036,FALSE
0.21,0.0441,0.3318,0.6241,"Strategy 4: Combined screening",1121.3659725,0.0076546575,146494.597896771,4107.0799039466,TRUE
0.22,0.0484,0.3432,0.6084,"Strategy 1: Post-conception screening",901.001744,0.003761648,239523.140921213,1668.35854079962,TRUE
0.22,0.0484,0.3432,0.6084,"Strategy 2: Pre-conception screening, targeted DNA",1070.4,0.00605,176925.619834711,3061.99881111623,TRUE
0.22,0.0484,0.3432,0.6084,"Strategy 3: Pre-conception screening, universal DNA",6000,0.00605,991735.537190083,-1867.60118888377,FALSE
0.22,0.0484,0.3432,0.6084,"Strategy 4: Combined screening",1154.65109,0.00840103,137441.6101359,4583.59789911599,TRUE
0.23,0.0529,0.3542,0.5929,"Strategy 1: Post-conception screening",944.434964,0.004111388,229711.952265269,1863.81212413843,TRUE
0.23,0.0529,0.3542,0.5929,"Strategy 2: Pre-conception screening, targeted DNA",1097.4,0.0066125,165958.412098299,3419.20944438116,TRUE
0.23,0.0529,0.3542,0.5929,"Strategy 3: Pre-conception screening, universal DNA",6000,0.0066125,907372.400756144,-1483.39055561884,FALSE
0.23,0.0529,0.3542,0.5929,"Strategy 4: Combined screening",1189.4843525,0.0091821175,129543.577774952,5082.27952196769,TRUE
0.24,0.0576,0.3648,0.5776,"Strategy 1: Post-conception screening",989.625216,0.004476672,221062.703722765,2068.12586673674,TRUE
0.24,0.0576,0.3648,0.5776,"Strategy 2: Pre-conception screening, targeted DNA",1125.6,0.0072,156333.333333333,3792.29610579121,TRUE
0.24,0.0576,0.3648,0.5776,"Strategy 3: Pre-conception screening, universal DNA",6000,0.0072,833333.333333333,-1082.10389420879,FALSE
0.24,0.0576,0.3648,0.5776,"Strategy 4: Combined screening",1225.86576,0.00999792,122612.079312497,5603.12477250168,TRUE
0.25,0.0625,0.375,0.5625,"Strategy 1: Post-conception screening",1036.5725,0.0048575,213396.294390118,2281.29976859456,TRUE
0.25,0.0625,0.375,0.5625,"Strategy 2: Pre-conception screening, targeted DNA",1155,0.0078125,147840,4181.25879534637,TRUE
0.25,0.0625,0.375,0.5625,"Strategy 3: Pre-conception screening, universal DNA",6000,0.0078125,768000,-663.741204653634,FALSE
0.25,0.0625,0.375,0.5625,"Strategy 4: Combined screening",1263.7953125,0.0108484375,116495.607086274,6146.13365071796,TRUE
0.26,0.0676,0.3848,0.5476,"Strategy 1: Post-conception screening",1085.276816,0.005253872,206567.045409557,2503.33382971187,TRUE
0.26,0.0676,0.3848,0.5476,"Strategy 2: Pre-conception screening, targeted DNA",1185.6,0.00845,140307.692307692,4586.09751304663,TRUE
0.26,0.0676,0.3848,0.5476,"Strategy 3: Pre-conception screening, universal DNA",6000,0.00845,710059.171597633,-228.302486953369,FALSE
0.26,0.0676,0.3848,0.5476,"Strategy 4: Combined screening",1303.27301,0.01173367,111071.217274732,6711.30615661655,TRUE
0.27,0.0729,0.3942,0.5329,"Strategy 1: Post-conception screening",1135.738164,0.005665788,200455.464270813,2734.22805008869,TRUE
0.27,0.0729,0.3942,0.5329,"Strategy 2: Pre-conception screening, targeted DNA",1217.4,0.0091125,133596.70781893,5006.812258892,TRUE
0.27,0.0729,0.3942,0.5329,"Strategy 3: Pre-conception screening, universal DNA",6000,0.0091125,658436.21399177,224.212258892002,TRUE
0.27,0.0729,0.3942,0.5329,"Strategy 4: Combined screening",1344.2988525,0.0126536175,106238.303196695,7298.64229019743,TRUE
0.28,0.0784,0.4032,0.5184,"Strategy 1: Post-conception screening",1187.956544,0.006093248,194962.775846314,2973.98242972501,TRUE
0.28,0.0784,0.4032,0.5184,"Strategy 2: Pre-conception screening, targeted DNA",1250.4,0.0098,127591.836734694,5443.40303288248,TRUE
0.28,0.0784,0.4032,0.5184,"Strategy 3: Pre-conception screening, universal DNA",6000,0.0098,612244.897959184,693.803032882483,TRUE
0.28,0.0784,0.4032,0.5184,"Strategy 4: Combined screening",1386.87284,0.01360828,101913.89653946,7908.14205146062,TRUE
0.29,0.0841,0.4118,0.5041,"Strategy 1: Post-conception screening",1241.931956,0.006536252,190006.743314058,3222.59696862084,TRUE
0.29,0.0841,0.4118,0.5041,"Strategy 2: Pre-conception screening, targeted DNA",1284.6,0.0105125,122197.384066587,5895.86983501807,TRUE
0.29,0.0841,0.4118,0.5041,"Strategy 3: Pre-conception screening, universal DNA",6000,0.0105125,570749.108204518,1180.46983501807,TRUE
0.29,0.0841,0.4118,0.5041,"Strategy 4: Combined screening",1430.9949725,0.0145976575,98029.0825771189,8539.8054404061,TRUE
0.3,0.09,0.42,0.49,"Strategy 1: Post-conception screening",1297.6644,0.0069948,185518.442271402,3480.07166677616,TRUE
0.3,0.09,0.42,0.49,"Strategy 2: Pre-conception screening, targeted DNA",1320,0.01125,117333.333333333,6364.21266529877,TRUE
0.3,0.09,0.42,0.49,"Strategy 3: Pre-conception screening, universal DNA",6000,0.01125,533333.333333333,1684.21266529877,TRUE
0.3,0.09,0.42,0.49,"Strategy 4: Combined screening",1476.66525,0.01562175,94526.2374573911,9193.63245703387,TRUE
